title,url,original_content_length,smart_summary,summary_length
The Outseer PlatformOutseer PlatformOutseer Risk Engine™Outseer Global Data Network™,https://www.outseer.com/fraud-and-payment-blog,0,Not enough content to summarize,31
Outseer PlatformOutseer Risk Engine™Outseer Global Data Network™,https://www.outseer.com/fraud-and-payment-blog,0,Not enough content to summarize,31
Outseer Global Data Network™,https://www.outseer.com/technology/outseer-global-data-network,0,Not enough content to summarize,31
"Featured Report >2024 Global Fraud and Scams Trends Report: AI-Powered Scams, Malware-as-a-Service, and Faster Payment Threats",https://www.outseer.com/fraud-and-payment-blog,0,Not enough content to summarize,31
"2024 Global Fraud and Scams Trends Report: AI-Powered Scams, Malware-as-a-Service, and Faster Payment Threats",https://www.outseer.com/reports/2024-global-fraud-and-scams-trends-report,0,Not enough content to summarize,31
Why Outseer has Behavioral Biometrics: A Strategic Signal for Improving Fraud Detection,https://www.outseer.com/fraud-and-payment-blog,0,Not enough content to summarize,31
Why Data Sharing Is the Key to Stopping Scams,https://www.outseer.com/fraud-and-payment-blog,0,Not enough content to summarize,31
How Banks and Nations Can Stop Scams: A Framework for Coordinated Defense,https://www.outseer.com/fraud-and-payment-blog,0,Not enough content to summarize,31
Outseer Fraud ManagerProtect customer digital interactions with risk-based decisions while delivering a frictionless user experience.,https://www.outseer.com/products/outseer-fraud-manager,0,Not enough content to summarize,31
Outseer 3-D Secure™Balance security and user experience so you can grow your business.,https://www.outseer.com/products/outseer-3d-secure,0,Not enough content to summarize,31
Outseer FraudAction™Protect your brand and your customers with our 24/7 fraud intelligence and cyberattack takedown service.,https://www.outseer.com/products/outseer-fraudaction,0,Not enough content to summarize,31
CapabilitiesBehavioral Biometrics for Fraud ManagerBehavioral Biometrics for 3-D SecureUse CasesBrand AbuseTransaction Fraud PreventionFraud IntelligencePhishing DetectionMeeting PSD2 Requirements,https://www.outseer.com/fraud-and-payment-blog,0,Not enough content to summarize,31
CapabilitiesBehavioral Biometrics for Fraud ManagerBehavioral Biometrics for 3-D Secure,https://www.outseer.com/fraud-and-payment-blog,0,Not enough content to summarize,31
Behavioral Biometrics for Fraud Manager,https://www.outseer.com/products/outseer-fraud-manager/behavioral-biometrics,0,Not enough content to summarize,31
Behavioral Biometrics for 3-D Secure,https://www.outseer.com/products/outseer-3d-secure/behavioral-biometrics,0,Not enough content to summarize,31
Use CasesBrand AbuseTransaction Fraud PreventionFraud IntelligencePhishing DetectionMeeting PSD2 Requirements,https://www.outseer.com/fraud-and-payment-blog,0,Not enough content to summarize,31
Transaction Fraud Prevention,https://www.outseer.com/solutions/transaction-fraud-prevention,0,Not enough content to summarize,31
Meeting PSD2 Requirements,https://www.outseer.com/solutions/meeting-psd2-requirements,0,Not enough content to summarize,31
Featured Webinar >Turning the Tables on Scammers: Behavioral Strategies to Disrupt Victimization,https://www.outseer.com/fraud-and-payment-blog,0,Not enough content to summarize,31
Turning the Tables on Scammers: Behavioral Strategies to Disrupt Victimization,https://www.outseer.com/webinar/turning-the-tables-on-scammers,0,Not enough content to summarize,31
